<?xml version="1.0" encoding="UTF-8"?>
<!DOCTYPE hibernate-configuration PUBLIC "-//Hibernate/Hibernate Configuration DTD 3.0//EN" "http://www.hibernate.org/dtd/hibernate-configuration-3.0.dtd">
<hibernate-configuration>
  <session-factory>
    <!-- Database connection settings -->
    <property name="connection.driver_class">com.mysql.jdbc.Driver</property>
    <property name="connection.url">jdbc:mysql://localhost:3306/geodb</property>
    <property name="connection.username">siimobility</property>
    <property name="connection.password">siimobility</property>
    <!-- JDBC connection pool (use the built-in) -->
    <property name="connection.pool_size">1</property>
    <!-- SQL dialect -->
    <property name="dialect">org.hibernate.dialect.MySQLDialect</property>
    <!-- Enable Hibernate's automatic session context management -->
    <property name="current_session_context_class">thread</property>
    <!-- Disable the second-level cache -->
   <!-- <property name="cache.provider_class">org.hibernate.cache.NoCacheRegionFactoryAvailableException</property>-->
    <!-- Echo all executed SQL to stdout -->
    <property name="show_sql">true</property>
    <!-- Drop and re-insert the database schema on startup -->
    <property name="hbm2ddl.auto">update</property>
    <!-- Mapping files -->
    <mapping class="com.github.p4535992.extractor.object.model.Website" resource="com/github/p4535992/extractor/object/model/Website.hbm.xml"/>
    <mapping class="com.github.p4535992.extractor.object.model.Document" resource="com/github/p4535992/extractor/object/model/Document.hbm.xml"/>
    <mapping class="com.github.p4535992.extractor.object.model.GeoDocument" resource="com/github/p4535992/extractor/object/model/GeoDocument.hbm.xml"/>
    <mapping class="com.github.p4535992.extractor.object.model.GeoDomainDocument" resource="com/github/p4535992/extractor/object/model/GeoDomainDocument.hbm.xml"/>
    <mapping class="com.github.p4535992.extractor.object.model.InfoDocument" resource="com/github/p4535992/extractor/object/model/InfoDocument.hbm.xml"/>
  </session-factory>
</hibernate-configuration>

